,Unnamed: 0,gene,beta,alpha,delta,ductal,endothelial,gamma,macrophage,quiescent_stellate,activated_stellate,gene_id,Chromosome,Start,End,C9,I9,C11,I11,C16,I16,Avg_Ctrl,Desv_Ctrl,Avg_Ingap,Desv_Ingap,gene_name
0,0,Ins2,1337.7807606263982,47.418848167539274,62.28440366972477,48.51636363636364,89.0,41.73170731707317,41.47222222222222,53.57446808510638,39.857142857142854,MSTRG.1678,chr1,215856967.0,215858190.0,102023.097263,113103.10942500002,116064.82382899999,109844.57942999998,130524.70753399999,128619.870483,87153.15715649999,14251.31637052291,87891.8898345,10032.442753256744,Ins2
1,1,Ins1,690.6498881431768,20.82722513089005,28.394495412844037,23.19272727272727,47.115107913669064,21.170731707317074,18.33333333333333,25.74468085106383,15.785714285714285,MSTRG.2267,chr1,272799784.0,272800351.0,342911.875,329759.75,374750.375,365551.25,354882.34375,343803.03125,268136.1484375,16081.671089036441,259778.5078125,18033.442263909077,Ins1
2,2,Prss53,4.088366890380313,0.08376963350785341,0.10091743119266056,0.07272727272727272,0.1366906474820144,0.04878048780487805,0.05555555555555555,0.0425531914893617,0.07142857142857142,MSTRG.1525,chr1,199331108.0,199341427.0,128.11085300000002,140.199823,117.661313,117.07796599999999,120.335957,115.36073,91.52703075000001,5.42825347217612,93.15962975,13.871732117696498,Prss53
3,3,Iapp,277.2986577181208,22.30366492146597,167.42660550458712,4.938181818181818,18.575539568345324,14.097560975609756,3.555555555555556,4.7659574468085095,2.571428571428572,MSTRG.12916,chr4,176509863.0,176517903.0,4062.8482900000004,4183.464889,4643.447129,4493.985747000001,7992.674628,7711.635758,4174.74251175,2121.2400028734933,4097.2715985,1953.5303289771562,Iapp
4,4,G6pc2,7.756152125279642,0.23036649214659685,0.0779816513761468,0.11636363636363635,0.20863309352517986,0.0,0.1111111111111111,0.14893617021276595,0.14285714285714285,G6pc2,chr3,55464528.0,55467170.0,0.069201,0.0,0.0,0.0,0.0,0.0,0.01730025,0.03995321597819129,0.0,0.0,G6pc2
5,5,Ero1lb,3.67337807606264,0.4397905759162304,0.15137614678899086,0.09454545454545454,0.302158273381295,0.12195121951219512,0.19444444444444445,0.23404255319148934,0.07142857142857142,,,,,,,,,,,,,,,
6,6,Scg3,12.75503355704698,4.424083769633508,4.334862385321101,0.3672727272727273,0.5827338129496403,3.1951219512195124,0.5277777777777778,0.3404255319148936,0.2857142857142857,MSTRG.16751,chr8,82577968.0,82641536.0,481.57835,563.6448070000001,442.29689399999995,451.411345,967.655208,923.1220549999999,472.882613,292.6360375271516,484.54455175,246.4180850204461,Scg3
7,7,Chga,29.97762863534676,24.30366492146597,9.880733944954127,0.5418181818181819,1.6978417266187051,7.3414634146341475,0.4444444444444444,0.4893617021276596,0.07142857142857142,MSTRG.14853,chr6,126434165.0,126445569.0,368.256088,472.316387,487.33138600000007,477.592897,681.5692960000001,673.545708,384.2891925,158.15206742362886,405.863748,114.68695459576243,Chga
8,8,Prlr,3.0727069351230427,0.06806282722513089,0.10091743119266056,0.07636363636363637,0.1942446043165468,0.024390243902439025,0.05555555555555555,0.0,0.0,MSTRG.9040,chr2,60131410.0,60325843.0,16.029636,17.710759,9.860906,10.536584,39.842804,38.948111000000004,16.4333365,15.832637218161773,16.798863500000003,14.774464307120459,Prlr
9,9,Bace2,3.2136465324384784,0.3926701570680629,0.2614678899082569,0.23272727272727275,0.5251798561151079,0.5121951219512195,0.027777777777777776,0.1702127659574468,0.21428571428571427,MSTRG.3915,chr11,37796921.0,37883288.0,53.841891000000004,58.81261899999999,45.309357,50.759475,34.074768999999996,32.958113000000004,33.30650425,9.91429284882676,35.63255175,13.229998096773704,Bace2
10,10,Igf1r,7.040268456375839,0.5549738219895288,1.0275229357798166,1.1672727272727272,0.6618705035971223,0.6341463414634146,0.2222222222222222,0.3404255319148936,0.21428571428571427,MSTRG.1019,chr1,128923784.0,129213816.0,16.476313,23.582769,15.860223,18.367499000000002,19.701869000000002,21.880362,13.009601250000001,2.06325076786415,15.9576575,2.659493599143703,Igf1r
11,11,Papss2,2.739373601789709,0.25654450261780104,0.3256880733944954,0.07636363636363637,0.2805755395683453,0.0,0.1111111111111111,0.06382978723404255,0.07142857142857142,MSTRG.2089,chr1,251145264.0,251230716.0,76.440594,87.306831,70.00323,69.93795300000001,118.47152399999999,115.98190299999999,66.228837,26.322405713269667,68.30667174999999,23.25217914084099,Papss2
12,12,Scg2,17.486577181208055,5.984293193717277,17.110091743119266,0.2872727272727273,0.8561151079136691,12.46341463414634,0.25,0.4893617021276596,0.2857142857142857,MSTRG.17667,chr9,85237460.0,85243024.0,2512.9357259999997,2708.512886,2472.5144569999998,2591.098646,2004.0341919999998,2039.1103019999998,1747.3710937499998,282.8687590236838,1834.6804585,357.43928508501443,Scg2
13,13,Atp2a2,5.197986577181208,1.094240837696335,1.2660550458715596,1.007272727272727,0.8920863309352518,1.0,0.75,1.74468085106383,0.5,MSTRG.4698,chr12,39553903.0,39603326.0,153.28055000000003,199.135247,144.17604,155.615463,255.485466,265.49639299999996,138.235514,61.80416015306821,155.06177574999998,55.33472700379159,Atp2a2
14,14,Syt4,2.3803131991051454,0.4345549738219896,0.44036697247706413,0.05090909090909091,0.05755395683453238,0.5121951219512195,0.0,0.0425531914893617,0.0,MSTRG.7848,chr18,24172067.0,24181989.0,100.424495,113.23421199999999,95.172333,103.309864,169.68636800000002,166.90980299999998,91.320799,41.587525511711654,95.86346975,34.2162583022265,Syt4
15,15,Nkx6-1,1.6812080536912752,0.19895287958115185,0.0871559633027523,0.025454545454545452,0.12949640287769784,0.5121951219512195,0.05555555555555555,0.0,0.0,MSTRG.5574,chr14,9550400.0,9562197.0,88.079746,132.875276,101.991354,109.11815,149.160472,172.29994299999998,84.807893,32.01383455823087,103.57334225,31.913018165360068,Nkx6-1
16,16,Acly,4.307606263982103,1.7172774869109948,3.0,0.38545454545454544,0.5539568345323741,0.7317073170731707,0.1111111111111111,0.3829787234042553,0.2857142857142857,MSTRG.3398,chr10,88392248.0,88442845.0,474.714136,586.2709,449.80903500000005,498.61399100000006,534.604294,558.987726,364.78186625,43.58388660572129,410.96815425,44.85735383189464,Acly
17,17,Gsdma,2.511185682326622,0.6178010471204188,0.3440366972477064,0.04,0.09352517985611512,0.1951219512195122,0.0,0.02127659574468085,0.07142857142857142,MSTRG.3369,chr10,86569898.0,86595102.0,1.123151,0.797942,1.7237930000000001,1.3845889999999998,3.12574,2.886038,1.493171,1.0276663617061392,1.26714225,1.0769284027134767,Gsdma
18,18,Spock2,1.6286353467561518,0.193717277486911,0.5688073394495413,0.02181818181818182,0.09352517985611512,0.36585365853658536,0.05555555555555555,0.0851063829787234,0.0,,,,,,,,,,,,,,,
19,19,Ptprn,8.106263982102906,5.858638743455497,6.9357798165137625,0.20363636363636364,0.2446043165467626,6.121951219512195,0.25,1.0212765957446808,0.6428571428571429,MSTRG.17638,chr9,82446626.0,82462314.0,319.002899,474.05604500000004,418.270403,407.524169,1000.402909,1001.012847,434.41905275,368.1119090530827,470.64826525,325.1509322894867,Ptprn
20,20,Gcg,8.182326621923938,1201.6701570680627,7.995412844036697,2.8181818181818183,18.158273381294965,80.58536585365853,1.4166666666666667,38.61702127659574,2.357142857142857,MSTRG.10944,chr3,48442635.0,48451988.0,1841.622437,2202.8761329999998,3638.554924,3249.999443,5485.763206999999,5048.086533,2741.4851419999995,1822.1281859040541,2625.24052725,1439.0278332864277,Gcg
21,21,Ttr,1.5302013422818792,86.14659685863873,0.7844036697247706,0.7163636363636363,2.143884892086331,5.463414634146342,0.1388888888888889,0.6170212765957447,0.0,MSTRG.7826,chr18,15532963.0,15542180.0,1.6112870000000001,5.1064110000000005,0.5588029999999999,0.366311,1.199383,1.641834,0.84236825,0.530366258961987,1.778639,2.452848708558344,Ttr
22,22,Gpx3,1.0570469798657718,32.80104712041885,9.633027522935778,0.34545454545454546,0.3381294964028777,12.46341463414634,0.19444444444444445,0.6170212765957447,2.0,MSTRG.2733,chr10,40247412.0,40255423.0,141.989273,149.57498800000002,138.611459,145.520828,159.95971600000001,181.89433300000002,110.140112,11.475296117986785,119.24753725000001,19.93325588273548,Gpx3
23,23,Gnas,7.782997762863535,43.13089005235602,20.889908256880734,4.025454545454545,5.201438848920863,24.585365853658534,1.9722222222222223,7.957446808510637,6.071428571428571,MSTRG.11871,chr3,172374957.0,172434988.0,1865.6908910000002,2393.6068259999997,3026.759501,3153.581521,6798.261374999999,6605.888569,2922.67794175,2578.842061932087,3038.2692289999995,2244.9685585445636,Gnas
24,24,Pcsk1n,8.89261744966443,23.2303664921466,8.729357798165138,0.4072727272727273,0.6187050359712231,11.292682926829267,0.5555555555555556,0.7021276595744681,0.35714285714285715,MSTRG.18036,chrX,15324263.0,15327705.0,324.202087,443.17907699999995,496.70828200000005,468.97625700000003,558.2967530000001,577.5488889999999,344.80178050000006,121.34787439640044,372.42605575,71.30773367627005,Pcsk1n
25,25,Aplp1,2.6308724832214767,8.727748691099476,3.555045871559633,0.09818181818181818,0.4676258992805755,6.2682926829268295,0.1111111111111111,0.40425531914893614,0.0,MSTRG.740,chr1,88897525.0,88908750.0,181.423275,241.670254,224.947583,225.963787,236.313749,234.607196,160.67115175,28.97274366355126,175.56030925,7.866473299968821,Aplp1
26,26,Tmem27,2.2013422818791946,12.659685863874344,4.844036697247708,0.03272727272727273,0.20863309352517986,12.853658536585364,0.0,0.7872340425531915,0.21428571428571427,MSTRG.18143,chrX,32118075.0,32155060.0,197.79512200000002,213.38167299999998,206.978682,214.51906999999997,702.817358,664.9241209999999,276.89779050000004,288.960144093191,273.2062159999999,260.3704367448043,Tmem27
27,27,Resp18,3.5503355704697985,11.842931937172775,8.041284403669723,0.12,0.2805755395683453,7.951219512195122,0.1111111111111111,0.44680851063829785,0.14285714285714285,MSTRG.17637,chr9,82470794.0,82477192.0,1384.659542,1450.009872,1611.132962,1566.264496,1775.138759,1684.581435,1192.73281575,196.07062091885606,1175.21395075,117.28729245175003,Resp18
28,28,Pcsk2,20.4586129753915,37.64397905759162,18.743119266055047,0.8327272727272728,1.0215827338129495,25.87804878048781,0.5555555555555556,1.4893617021276595,0.42857142857142855,MSTRG.11503,chr3,137618891.0,137923385.0,952.5004880000001,1112.782227,1024.419556,1008.0131230000001,1704.66333,1704.3457030000002,920.3958435000001,415.0608158839033,956.2852632500001,375.4559391059583,Pcsk2
29,29,Rbp4,0.4217002237136465,5.549738219895287,18.47706422018349,0.10181818181818182,0.12949640287769784,2.292682926829268,0.2222222222222222,0.0851063829787234,0.2857142857142857,MSTRG.2121,chr1,256806476.0,256814092.0,16.634068000000003,16.255839,25.906177,25.836557,15.56055,16.76545,14.52519875,5.688532971797063,14.7144615,5.390343881613583,Rbp4
30,30,Cst3,1.5973154362416109,5.638743455497383,2.834862385321101,0.7527272727272727,1.1223021582733812,4.658536585365853,9.388888888888891,0.7446808510638298,0.5,MSTRG.11551,chr3,143219671.0,143223544.0,528.529053,523.996521,615.337463,599.682129,439.182556,462.205902,395.762268,88.08050090029172,396.471138,68.8550468313548,Cst3
31,31,Gc,0.17449664429530198,2.9162303664921465,1.5,0.5018181818181818,0.04316546762589928,3.609756097560976,0.027777777777777776,0.1702127659574468,0.0,MSTRG.5646,chr14,20267023.0,20302577.0,326.90002400000003,350.33511400000003,334.22738599999997,333.830292,392.38537599999995,385.987885,263.3781965,35.88029487356311,267.53832275,26.658156152741746,Gc
32,32,Pyy,7.534675615212527,78.40314136125654,209.91743119266056,1.5927272727272728,1.3956834532374098,600.6585365853657,1.8611111111111112,9.787234042553193,1.1428571428571428,MSTRG.3455,chr10,90047989.0,90049155.0,51.916557999999995,52.477627,51.088845,71.00211800000001,303.451542,302.827973,101.61423625,145.4633196157508,106.5769295,139.5001072613744,Pyy
33,33,Cpe,11.445190156599553,15.968586387434554,6.36697247706422,0.44,0.7769784172661871,11.878048780487804,0.3055555555555556,1.25531914893617,0.2857142857142857,MSTRG.6889,chr16,26906716.0,27014818.0,2213.701172,2798.684082,2540.5107420000004,2556.278809,3554.5180659999996,3512.077637,2077.182495,699.1429624195887,2216.760132,496.8638445791623,Cpe
34,34,Mafb,0.0738255033557047,2.178010471204189,0.03211009174311927,0.01090909090909091,0.08633093525179858,0.0975609756097561,3.9444444444444446,0.02127659574468085,0.0,MSTRG.11709,chr3,156338993.0,156340913.0,9.545855,14.786756,10.03926,10.8295,19.555172,25.815826,9.78507175,5.641844504714422,12.8580205,7.766275674271765,Mafb
35,35,Scg5,5.628635346756152,9.712041884816754,5.4587155963302765,0.13818181818181818,0.3237410071942446,11.24390243902439,0.05555555555555555,0.8085106382978723,0.14285714285714285,MSTRG.11233,chr3,105235057.0,105279475.0,805.41689,866.8759550000001,780.200074,764.2905969999999,679.6528470000001,665.9743139999999,566.31745275,66.53598923173482,574.2852165,100.45837988558348,Scg5
36,36,Eef1a2,0.02796420581655481,1.356020942408377,0.22477064220183487,0.01090909090909091,0.007194244604316547,0.8048780487804879,0.0,0.0425531914893617,0.0,MSTRG.11910,chr3,176657104.0,176691384.0,3.9066469999999995,4.955809,7.24804,7.493286000000001,13.649487000000002,14.437586999999999,6.201043500000001,4.950864606979574,6.7216705,4.908601632940111,Eef1a2
37,37,Ctsz,0.19574944071588368,2.298429319371728,0.2614678899082569,0.2472727272727273,0.16546762589928055,1.2439024390243902,3.4166666666666665,0.6382978723404256,0.7142857142857143,MSTRG.11868,chr3,172527107.0,172537877.0,35.443523,38.547562,37.896095,41.216675,24.191872,22.396038,24.3828725,7.307763995399163,25.540068750000003,10.183420093589334,Ctsz
38,38,Irx1,0.003355704697986577,1.5549738219895288,0.009174311926605505,0.0,0.0,0.024390243902439025,0.0,0.02127659574468085,0.0,MSTRG.182,chr1,33910912.0,33916741.0,2.2073139999999998,2.6074450000000002,5.143114,4.6347059999999995,5.871865000000001,5.942451,3.30557325,1.9398854644712922,3.2961505,1.6803892985050617,Irx1
39,39,Lpl,2.3277404921700224,5.010471204188481,0.0779816513761468,0.054545454545454536,0.2014388489208633,1.5365853658536586,1.9722222222222223,1.319148936170213,0.35714285714285715,MSTRG.6866,chr16,22537687.0,22561487.0,11.87528,14.001396,14.10409,17.753944,23.044408999999998,29.215,12.25594475,5.9110960694908625,15.242585,7.925603739319127,Lpl
40,40,Sst,8.412751677852349,5.356020942408377,700.8990825688072,5.24,2.467625899280576,10.926829268292684,4.055555555555555,2.872340425531915,0.9285714285714286,MSTRG.4137,chr11,80358172.0,80359449.0,156.931503,219.72316,184.19354199999998,166.64404299999998,1089.978882,1063.696289,357.77598175,531.0002687362979,362.515873,503.2909640869112,Sst
41,41,Hhex,0.017897091722595078,0.015706806282722512,2.426605504587156,0.9963636363636365,0.17985611510791366,0.04878048780487805,0.027777777777777776,0.0,0.07142857142857142,MSTRG.2116,chr1,256101994.0,256107581.0,3.555623,4.162461,4.8013129999999995,5.915343,5.234558,6.740061,3.3978734999999998,0.8716141673498656,4.20446625,1.316357147930606,Hhex
42,42,Cd24a,0.1331096196868009,0.026178010471204192,4.2889908256880735,2.5163636363636366,0.5971223021582733,0.0,0.08333333333333333,0.10638297872340426,0.07142857142857142,,,,,,,,,,,,,,,
43,43,Ppy,6.574944071588368,21.30366492146597,78.06422018348623,2.7345454545454544,1.920863309352518,1219.5121951219512,1.1388888888888888,23.74468085106383,0.8571428571428571,MSTRG.3454,chr10,90041581.0,90046861.0,180.052326,96.222248,250.537607,235.502697,329.87196,466.05568400000004,190.11547324999998,74.9533600930956,199.44515725000002,186.7844094456806,Ppy
44,44,Chgb,8.654362416107382,3.6701570680628266,15.935779816513762,0.3345454545454545,0.5827338129496403,6.0,0.16666666666666666,0.2765957446808511,0.14285714285714285,MSTRG.11467,chr3,125428050.0,125441601.0,476.55655499999995,476.6930990000001,650.093138,727.606404,760.653763,746.184116,471.82586399999997,143.20720479611694,487.62090475,150.51468713100846,Chgb
45,45,Sez6l,1.5201342281879195,0.14659685863874344,3.1559633027522938,0.04363636363636364,0.1079136690647482,0.3170731707317073,0.08333333333333333,0.06382978723404255,0.0,MSTRG.4846,chr12,50090345.0,50243020.0,1.612736,2.4144069999999997,1.22162,1.577451,2.222083,1.7617989999999997,1.2641097499999998,0.5041827886514308,1.43841425,0.4397682595610252,Sez6l
46,46,Abcc8,2.43847874720358,3.0785340314136125,4.555045871559633,0.09454545454545454,0.1366906474820144,3.7804878048780486,0.16666666666666666,0.0425531914893617,0.07142857142857142,,,,,,,,,,,,,,,
47,47,Arg1,0.03691275167785235,0.32460732984293195,1.6192660550458715,0.01090909090909091,0.014388489208633094,0.0975609756097561,0.6944444444444444,0.0,0.0,MSTRG.110,chr1,21525061.0,21537872.0,25.058978999999997,27.070943,23.102528999999997,24.393164,20.409972,19.951224,17.14287,2.334196003152476,17.85383275,3.5961027510209345,Arg1
48,48,Fam159b,0.3523489932885906,0.010471204188481676,1.6009174311926606,0.02181818181818182,0.02877697841726619,0.07317073170731707,0.0,0.0,0.0,Fam159b,chr2,34946713.0,34965597.0,0.027531,0.0,0.0,0.0,0.0,0.0,0.00688275,0.015895030261059588,0.0,0.0,Fam159b
49,49,Isl1,0.9720357941834452,1.3193717277486912,2.2247706422018347,0.025454545454545452,0.07913669064748201,1.195121951219512,0.0,0.0,0.07142857142857142,MSTRG.8982,chr2,48487712.0,48503177.0,47.898472999999996,51.288196,33.031013,36.81748400000001,25.901702,30.524507999999997,26.707797,11.222940617419614,29.657547,10.646860195106536,Isl1
50,50,Dpp6,0.011185682326621923,0.031413612565445025,1.0963302752293578,0.0,0.0,0.0,0.0,0.0,0.0,MSTRG.11958,chr4,4021021.0,4943675.0,9.165023,14.170815,11.608566,11.951686,15.847114,16.810406999999998,9.15517575,3.3809892949015676,10.733227,2.4323907718177864,Dpp6
51,51,Mest,0.012304250559284115,0.03664921465968586,1.1559633027522935,0.01090909090909091,0.16546762589928055,0.04878048780487805,0.0,0.0,0.07142857142857142,MSTRG.12195,chr4,58052786.0,58064390.0,6.104541,7.866751,8.325964,9.42122,44.822033000000005,40.270943,14.8131345,21.740676006692137,14.3897285,18.276366534505495,Mest
52,52,Clu,0.674496644295302,1.0523560209424083,4.151376146788991,46.02181818181818,0.5971223021582733,2.5853658536585367,0.19444444444444445,0.1276595744680851,3.6428571428571432,MSTRG.6417,chr15,42626612.0,42665858.0,588.9366369999999,556.62251,698.450327,750.701454,833.2375440000001,863.8867700000001,530.156127,122.36814354305614,542.8026835000001,155.3967383481834,Clu
53,53,Auts2,0.2706935123042505,0.13089005235602094,1.2660550458715596,0.4581818181818182,0.03597122302158273,0.04878048780487805,0.08333333333333333,0.0,0.07142857142857142,,,,,,,,,,,,,,,
54,54,Ache,0.007829977628635347,0.1256544502617801,0.9495412844036696,0.0,0.0,0.1951219512195122,0.0,0.0425531914893617,0.0,MSTRG.4530,chr12,22472358.0,22477183.0,1.44679,1.9027049999999999,1.8683980000000002,2.3777290000000004,2.2231199999999998,2.713794,1.384577,0.38864492617469387,1.7485570000000001,0.40752358842198744,Ache
55,55,Krt8,1.861297539149888,2.4973821989528795,2.068807339449541,29.043636363636367,0.1079136690647482,1.6585365853658536,0.1388888888888889,0.23404255319148934,0.0,MSTRG.16117,chr7,143596509.0,143603745.0,123.653423,123.352999,156.422629,168.83216799999997,226.909596,227.830638,126.74641199999999,52.76373540184497,130.00395125,52.38439864165313,Krt8
56,56,Krt18,1.0078299776286352,1.5130890052356016,1.0229357798165135,11.287272727272727,0.07194244604316546,1.170731707317073,0.1111111111111111,0.10638297872340426,0.14285714285714285,MSTRG.16118,chr7,143628217.0,143633131.0,155.514946,175.029921,187.833636,198.100015,145.13663599999998,151.891412,122.12130450000001,22.26821670293112,131.255337,23.104309941089372,Krt18
57,57,Cldn4,0.5279642058165548,1.0261780104712042,0.8486238532110092,9.229090909090909,0.04316546762589928,0.975609756097561,0.0,0.1276595744680851,0.07142857142857142,MSTRG.4574,chr12,24761210.0,24763008.0,15.917544,15.618045,18.707321,22.646776000000003,15.847857000000001,16.926075,12.618180500000001,1.6311675958749097,13.797724000000002,3.738101610056947,Cldn4
58,58,Zfp36l1,0.006711409395973154,0.052356020942408384,0.13302752293577982,7.44,2.2014388489208634,0.07317073170731707,0.8333333333333334,2.6808510638297878,2.0,MSTRG.14689,chr6,103308032.0,103313074.0,5.980585,9.096516000000001,6.737741000000001,7.953127,12.681173,17.894247,6.34987475,3.6695946345771397,8.7359725,5.439566098015569,Zfp36l1
59,59,Flna,0.14317673378076062,0.1099476439790576,0.0779816513761468,5.469090909090909,1.0,0.0,2.1111111111111107,2.127659574468085,4.071428571428571,MSTRG.18540,chrX,156460785.0,156487245.0,22.772506999999997,18.905773,23.007488,34.851163,32.436991,40.032547,19.554246499999998,5.513211312892364,23.447370749999997,11.010924742081022,Flna
60,60,Cd44,0.21700223713646533,0.041884816753926704,0.5596330275229358,5.869090909090909,0.05035971223021583,0.024390243902439025,1.4166666666666667,0.5106382978723404,4.285714285714286,MSTRG.11166,chr3,92695083.0,92783820.0,8.185341000000001,5.492695,7.896177000000001,10.981443,8.28714,8.836269,6.092164500000001,0.2028262485749812,6.3276017499999995,2.766092707269468,Cd44
61,61,Anxa3,0.013422818791946308,0.005235602094240838,0.03669724770642202,4.825454545454545,0.9352517985611509,0.0,0.25,0.1702127659574468,0.0,Anxa3,chr14,14371921.0,14426503.0,2.053887,1.274782,1.668732,2.200844,1.547529,1.393361,1.317537,0.2643964716727514,1.2172467500000002,0.5039313118494755,Anxa3
62,62,Dsg2,0.23154362416107385,0.18324607329842926,0.25229357798165136,3.0,0.014388489208633094,0.07317073170731707,0.0,0.0,0.0,MSTRG.7828,chr18,15579322.0,15637720.0,14.901089,22.858932,14.247318,15.798385999999999,23.7372,24.61492,13.22140175,5.300348015282991,15.8180595,4.666656109168106,Dsg2
63,63,Sox4,0.1610738255033557,0.225130890052356,0.2889908256880734,5.010909090909091,5.669064748201438,0.3414634146341464,0.1388888888888889,0.2553191489361702,1.7857142857142858,MSTRG.7458,chr17,37615022.0,37619728.0,9.894583,14.140863000000001,10.002421,13.253985,15.737295000000001,19.062687,8.908574750000001,3.3425961054511713,11.614383750000002,3.1292151038949045,Sox4
64,64,Nfib,0.011185682326621923,0.005235602094240838,0.059633027522935776,2.330909090909091,1.4892086330935252,0.07317073170731707,0.0,0.02127659574468085,0.35714285714285715,Nfib,chr5,100436343.0,100647962.0,0.8167300000000001,0.614302,0.559175,0.655354,1.3084859999999998,1.7416029999999998,0.6710977499999999,0.38070669293696413,0.75281475,0.6393264295733438,Nfib
65,65,Cdh1,1.306487695749441,0.9947643979057592,1.7706422018348624,6.356363636363636,0.1366906474820144,1.195121951219512,0.1388888888888889,0.02127659574468085,0.14285714285714285,MSTRG.8568,chr19,38768467.0,38838395.0,61.531265000000005,92.67890200000001,73.97177099999999,75.726578,88.53274499999999,88.032265,56.00894525,13.514609844874737,64.10943625,8.759779838868804,Cdh1
66,66,Anxa2,0.0302013422818792,0.24607329842931935,0.07339449541284404,5.6072727272727265,2.8848920863309346,0.2682926829268293,3.2222222222222223,2.25531914893617,5.357142857142857,MSTRG.16708,chr8,75687134.0,75723591.0,52.350473,39.593889,56.478114999999995,75.382231,60.76959599999999,62.048653,42.399546,4.209827188508926,44.25619325,18.08685596267238,Anxa2
67,67,S100a6,0.3568232662192394,0.09424083769633508,0.21559633027522934,13.672727272727272,0.3956834532374101,0.5121951219512195,1.3055555555555556,1.0851063829787233,6.428571428571429,MSTRG.9531,chr2,190006925.0,190008512.0,84.245045,56.846187,109.73465900000001,148.361087,89.05749999999999,95.162734,70.75930100000001,13.542679752713289,75.092502,45.95867610859024,S100a6
68,68,Cldn3,0.24049217002237136,0.20418848167539266,0.4311926605504587,3.418181818181818,0.05755395683453238,0.4634146341463415,0.05555555555555555,0.0,0.0,MSTRG.4505,chr12,21831341.0,21832813.0,9.592464,11.569296000000001,7.9090240000000005,7.662724000000001,4.839347,5.841473000000001,5.5852087500000005,2.4100141193783493,6.268373250000001,2.926494385082432,Cldn3
69,69,Myl12a,0.4407158836689038,0.9267015706806284,0.6330275229357798,7.003636363636364,3.7625899280575537,1.5365853658536586,2.583333333333333,1.9361702127659572,3.1428571428571432,,,,,,,,,,,,,,,
70,70,Onecut2,0.03803131991051454,0.12041884816753927,0.022935779816513763,3.941818181818182,0.0,0.024390243902439025,0.0,0.0,0.21428571428571427,Onecut2,chr18,59830375.0,59882490.0,0.169971,0.093706,0.101595,0.20639699999999997,0.345362,0.373551,0.154232,0.12573757761438437,0.1684135,0.14080302152416097,Onecut2
71,71,Actn1,0.6152125279642058,0.4659685863874346,0.6422018348623854,6.407272727272727,1.1726618705035972,0.8780487804878049,0.08333333333333333,1.4893617021276595,4.428571428571429,MSTRG.14691,chr6,103375872.0,103470659.0,37.442292,47.539462,45.901914999999995,52.483486,56.046469,58.91632800000001,34.847668999999996,9.314796464124289,39.734819,5.704645906210953,Actn1
72,72,Ier3,0.2785234899328859,0.10471204188481677,0.16055045871559634,6.549090909090909,8.870503597122303,0.2682926829268293,0.6666666666666666,16.53191489361702,10.571428571428571,MSTRG.10062,chr20,3438798.0,3440002.0,22.786795,20.426057999999998,28.675886,30.385006,27.397512,26.602040999999996,19.715048250000002,3.097696567457986,19.35327625,5.027163472479917,Ier3
73,73,Fermt1,0.010067114093959731,0.026178010471204192,0.1834862385321101,2.2545454545454544,0.007194244604316547,0.0,0.0,0.0,0.0,Fermt1,chr3,125566744.0,125607864.0,0.14757399999999998,0.020038,0.247875,0.40323200000000003,0.285989,0.31101,0.1703595,0.07149787854894718,0.18357,0.20000301818722638,Fermt1
74,74,Pecam1,0.006711409395973154,0.005235602094240838,0.004587155963302753,0.01090909090909091,8.201438848920864,0.0,0.08333333333333333,0.06382978723404255,0.21428571428571427,MSTRG.3530,chr10,94850971.0,94913240.0,12.047865,9.825479000000001,16.614232,20.256868,15.192687999999999,19.206091,10.96369625,2.3367501158644104,12.3221095,5.743313362331219,Pecam1
75,75,Egfl7,0.01901565995525727,0.010471204188481676,0.027522935779816515,0.007272727272727274,6.906474820143885,0.0,0.0,0.1702127659574468,0.07142857142857142,MSTRG.10674,chr3,4032103.0,4044280.0,7.976419,7.712448,9.611788,11.786493,10.202703,11.779805,6.9477275,1.1532528453640742,7.8196865,2.3502226971366635,Egfl7
76,76,Cdh5,0.0044742729306487695,0.0,0.004587155963302753,0.003636363636363637,9.158273381294963,0.0,0.0,0.1702127659574468,0.07142857142857142,MSTRG.8224,chr19,1023528.0,1074333.0,12.670106,12.221829,17.287922,22.278016,15.258783000000001,18.90531,11.30420275,2.3145510112296788,13.35128875,5.118120765456237,Cdh5
77,77,Flt1,0.003355704697986577,0.005235602094240838,0.013761467889908258,0.01090909090909091,11.568345323741006,0.0,0.0,0.0851063829787234,0.5,MSTRG.4344,chr12,9033993.0,9205886.0,1.606074,1.8369069999999998,2.490424,4.024484,6.04036,7.181402,2.5342145,2.3468778144729505,3.26069825,2.686858487610826,Flt1
78,78,Sparc,0.039149888143176735,0.026178010471204192,0.027522935779816515,1.2363636363636363,18.561151079136692,0.024390243902439025,0.027777777777777776,7.2340425531914905,30.57142857142857,MSTRG.2741,chr10,40742390.0,40764232.0,305.448225,294.28419299999996,347.665374,482.94103599999994,265.806328,319.10831999999994,229.72998175,40.93627380754327,274.08338725,102.50918700615361,Sparc
79,79,Plvap,0.0044742729306487695,0.0,0.004587155963302753,0.0,7.935251798561151,0.0,0.0,0.23404255319148934,0.2857142857142857,MSTRG.6787,chr16,19906354.0,44653189.0,4.853546000000001,9.483662,14.450260000000002,17.795981,16.345712000000002,20.933761,8.9123795,6.161162461387408,12.053351,5.91671470772931,Plvap
80,80,Col4a2,0.008948545861297539,0.010471204188481676,0.004587155963302753,0.3709090909090909,7.625899280575539,0.0,0.05555555555555555,3.638297872340425,2.2142857142857144,MSTRG.7134,chr16,83386388.0,83522169.0,51.226315,69.776733,60.70315600000001,80.20517,71.155121,93.76037600000001,45.771148,9.968378305807333,60.93556975,12.025743494110563,Col4a2
81,81,Col4a1,0.0447427293064877,0.020942408376963352,0.022935779816513763,0.68,7.431654676258992,0.0,0.0,5.553191489361702,4.5,MSTRG.7135,chr16,83522162.0,83632153.0,83.603714,123.716454,106.52969399999999,141.107773,105.930595,138.72349499999999,74.01600074999999,13.06680969581814,100.8869305,9.42827341666831,Col4a1
82,82,S1pr1,0.007829977628635347,0.005235602094240838,0.0,0.0,5.143884892086331,0.0,0.5555555555555556,0.0,0.2857142857142857,MSTRG.9764,chr2,218654406.0,218658761.0,3.032617,3.406219,3.468759,4.069732999999999,5.839076,7.598750000000001,3.085113,1.5102336818813837,3.7686755,2.253572275316311,S1pr1
83,83,Eng,0.0,0.0,0.0,0.0,4.496402877697841,0.0,0.027777777777777776,0.5319148936170213,0.7857142857142857,MSTRG.10804,chr3,11679530.0,11717700.0,14.667334,15.581672,22.515976000000002,29.360022,29.165913,38.474413,16.587305750000002,7.257543619886988,20.85402675,11.525281215054017,Eng
84,84,Serinc3,0.8210290827740492,0.7120418848167539,0.7889908256880734,1.3963636363636365,6.755395683453237,0.6829268292682927,1.9166666666666667,2.9148936170212765,1.2857142857142858,MSTRG.11737,chr3,160016749.0,160038706.0,79.788697,81.99707699999999,69.10057599999999,81.284226,74.342849,82.359892,55.8080305,5.344383612046611,61.410298749999995,0.5472428796524729,Serinc3
85,85,Esam,0.025727069351230425,0.04712041884816754,0.059633027522935776,0.01090909090909091,5.410071942446043,0.04878048780487805,0.16666666666666666,1.5319148936170213,0.42857142857142855,MSTRG.16363,chr8,39997875.0,40008802.0,8.221287,7.783761,14.818114000000001,16.791449,11.630902,14.294992,8.667575750000001,3.2990382752427014,9.7175505,4.6505711081821985,Esam
86,86,Tcf4,0.3747203579418345,0.2827225130890053,0.6192660550458715,0.15636363636363634,5.6762589928057565,0.12195121951219512,0.2777777777777778,1.25531914893617,0.8571428571428571,MSTRG.8110,chr18,65156952.0,65513936.0,4.279431,4.404179,3.5932160000000004,4.142603,4.944386,6.180936000000001,3.20425825,0.675612875734568,3.6819295000000003,1.1090603274629989,Tcf4
87,87,Cd93,0.008948545861297539,0.0,0.0,0.01090909090909091,3.1870503597122304,0.0,0.05555555555555555,0.1914893617021277,0.07142857142857142,MSTRG.11549,chr3,142778798.0,142783774.0,9.200858,6.934589,6.787966,10.644207000000002,15.344063,20.463507,7.83322175,4.41149655916406,9.510575750000001,6.990607275082854,Cd93
88,88,Sema7a,0.006711409395973154,0.015706806282722512,0.0,0.01090909090909091,6.35251798561151,0.0,0.027777777777777776,0.10638297872340426,1.3571428571428572,MSTRG.16572,chr8,62723761.0,62746530.0,8.992906,10.966159000000001,13.034189000000001,17.380143999999998,11.562851,17.062632,8.397486500000001,2.045377760519151,11.35223375,3.6149458384623583,Sema7a
89,89,Kdr,0.007829977628635347,0.005235602094240838,0.004587155963302753,0.003636363636363637,11.690647482014386,0.024390243902439025,0.027777777777777776,0.1914893617021277,0.21428571428571427,MSTRG.5703,chr14,34727677.0,34787127.0,2.730681,3.382906,3.892242,4.815027,6.863073999999999,8.780087,3.37149925,2.131186627030193,4.244505,2.7958968182261303,Kdr
90,90,Msn,0.013422818791946308,0.03664921465968586,0.03669724770642202,1.9745454545454544,5.1942446043165456,0.024390243902439025,1.8333333333333333,4.1914893617021285,4.714285714285714,MSTRG.18234,chrX,65226512.0,65295941.0,30.089919999999996,21.150676,28.555030000000002,43.937839,33.174844,39.204935,22.9549485,2.352846672737516,26.0733625,12.025053332528064,Msn
91,91,Esm1,0.0044742729306487695,0.005235602094240838,0.0,0.01090909090909091,14.381294964028775,0.0,0.0,0.3404255319148936,0.07142857142857142,MSTRG.8970,chr2,45104392.0,45113130.0,0.890985,0.8557299999999999,0.7933939999999999,1.2922799999999999,8.156296000000001,8.534381,2.4601687500000002,4.22308326920048,2.6705977499999998,4.312777217688969,Esm1
92,92,B2m,0.8534675615212528,1.4136125654450262,0.963302752293578,2.7890909090909095,16.992805755395686,0.6341463414634146,37.888888888888886,5.127659574468085,7.357142857142858,MSTRG.11346,chr3,114087287.0,114093311.0,638.4434809999999,623.5957030000001,664.76123,676.8515620000001,532.832886,538.848022,459.00939925,69.8227632882755,459.8238217500001,69.5980519426098,B2m
93,93,Emcn,0.0011185682326621924,0.0,0.0,0.003636363636363637,4.906474820143885,0.0,0.0,0.02127659574468085,0.0,MSTRG.9884,chr2,242634319.0,242715489.0,2.335475,2.7643280000000003,3.5507329999999997,4.643252,4.552107,4.957006,2.60957875,1.1100344827875093,3.0911465000000002,1.1857932494028345,Emcn
94,94,Ace2,0.021252796420581657,0.5602094240837696,0.06422018348623854,0.007272727272727274,0.007194244604316547,2.3902439024390243,0.027777777777777776,0.02127659574468085,0.0,MSTRG.18142,chrX,32050734.0,32095860.0,1.916937,2.146225,1.612133,2.636358,5.145773,5.77875,2.16871075,1.958098526756336,2.64033325,1.971044381158459,Ace2
95,95,Ugt2b34,0.21588366890380314,1.1099476439790577,0.05045871559633028,0.5527272727272727,0.02158273381294964,2.6341463414634148,0.0,0.06382978723404255,0.0,,,,,,,,,,,,,,,
96,96,Tspan8,0.15883668903803133,0.225130890052356,1.4128440366972477,3.7018181818181817,0.007194244604316547,3.317073170731707,0.027777777777777776,0.10638297872340426,0.0,MSTRG.15447,chr7,58814805.0,58847564.0,1.438233,0.760687,1.7750380000000001,3.6513120000000003,2.053064,1.930941,1.31658375,0.30788342579132116,1.5857350000000001,1.4540107572264842,Tspan8
97,97,Wnt4,0.977628635346756,2.047120418848168,0.26605504587155965,0.16,0.04316546762589928,2.3902439024390243,0.0,0.0425531914893617,0.0,MSTRG.13928,chr5,155649122.0,155670756.0,60.256818,94.03778500000001,71.73565599999999,67.50507200000001,124.08848200000001,125.64429699999998,64.020239,34.027105472513675,71.7967885,29.10648823300151,Wnt4
98,98,Etv1,0.11297539149888144,1.4921465968586387,0.9495412844036696,0.01818181818181818,0.03597122302158273,1.7804878048780488,0.1388888888888889,0.02127659574468085,0.0,MSTRG.14486,chr6,58467215.0,58558640.0,2.1610880000000003,1.9241409999999999,3.010776,3.3627670000000003,4.532325,3.8757729999999997,2.42604725,1.2013774016321155,2.29067025,1.0117383874085237,Etv1
99,99,Scgn,0.9250559284116332,1.654450261780105,1.2339449541284404,0.007272727272727274,0.08633093525179858,2.5121951219512195,0.027777777777777776,0.0,0.07142857142857142,MSTRG.7475,chr17,43357428.0,43401664.0,184.836175,197.602055,154.299208,156.863521,167.267971,169.474298,126.6008385,15.32610495796238,130.9849685,20.855976612887794,Scgn
100,100,Arx,0.0,0.4869109947643979,0.013761467889908258,0.007272727272727274,0.0,1.6097560975609757,0.0,0.06382978723404255,0.0,MSTRG.18206,chrX,62363757.0,62376139.0,1.378099,1.9499259999999998,3.050236,1.8882400000000001,4.539519,4.799601,2.2419634999999998,1.5815910985069226,2.15944175,1.6633538228802474,Arx
101,101,5330417C22Rik,0.5559284116331096,1.450261780104712,1.408256880733945,0.08,0.02158273381294964,1.951219512195122,0.0,0.0,0.0,,,,,,,,,,,,,,,
102,102,Ptms,0.9340044742729308,1.9109947643979055,1.720183486238532,1.3854545454545455,1.9928057553956835,3.5121951219512195,3.4722222222222223,1.8723404255319152,1.2142857142857142,MSTRG.12802,chr4,157435371.0,157439887.0,90.761116,124.09560400000001,134.99253299999998,135.45408600000002,130.868698,144.61360200000001,89.15558675,24.433728051001673,101.04082300000002,10.27861930276131,Ptms
103,103,Folr1,0.08053691275167785,0.08900523560209424,0.3165137614678899,0.014545454545454544,0.007194244604316547,0.7560975609756098,0.0,0.0,0.0,Folr1,chr1,166934457.0,166945864.0,0.0,0.0,0.174447,0.125359,0.195546,0.0,0.09249825,0.1073275063578764,0.03133975,0.0723760523953423,Folr1
104,104,Ctss,0.0022371364653243847,0.005235602094240838,0.0,0.003636363636363637,0.014388489208633094,0.0,13.111111111111109,0.0,0.0,MSTRG.9577,chr2,197652935.0,197679770.0,11.26477,11.577435000000001,11.423791,10.987783,6.469256,4.731685,7.28945425,2.81571954299613,6.82422575,3.7936513793707163,Ctss
105,105,Laptm5,0.003355704697986577,0.0,0.0,0.0,0.0,0.0,6.527777777777778,0.02127659574468085,0.0,MSTRG.13824,chr5,149015793.0,149069719.0,11.122518,12.35533,10.852461,12.885588,8.963267,5.857928,7.7345615,1.1764600598041282,7.7747115,3.9133406737246887,Laptm5
106,106,Pla2g7,0.0044742729306487695,0.005235602094240838,0.0,0.003636363636363637,0.09352517985611512,0.0,7.833333333333332,0.0,0.0,MSTRG.17343,chr9,19935754.0,19978013.0,13.807836,12.720634,10.613081,11.829494,12.485016,9.660191000000001,9.22648325,1.6052233960132574,8.55257975,1.5740773679448963,Pla2g7
107,107,Fth1,4.224832214765101,4.18848167539267,3.18348623853211,7.48,8.496402877697841,3.2439024390243905,184.27777777777774,10.191489361702127,17.928571428571427,MSTRG.1935,chr1,226030940.0,226033228.0,1749.39563,2109.345947,2664.025635,2467.535156,4382.591797,3997.115723,2199.0032655,1336.895642469349,2143.4992064999997,1002.6291228205287,Fth1
108,108,Apoe,0.05145413870246085,0.026178010471204192,0.013761467889908258,0.17454545454545456,0.26618705035971224,0.04878048780487805,43.611111111111114,0.40425531914893614,6.928571428571429,MSTRG.563,chr1,80612894.0,80616820.0,177.70179000000002,161.21989299999996,184.24487999999997,185.62447300000002,178.66016699999997,153.979487,135.15170924999998,3.5336367601145517,125.20596325,16.580169595842676,Apoe
109,109,Cd74,0.0145413870246085,0.010471204188481676,0.009174311926605505,0.15272727272727274,0.3597122302158273,0.0,72.19444444444444,0.9787234042553192,0.21428571428571427,MSTRG.8053,chr18,56071420.0,56080851.0,13.439136,10.778566000000001,13.387856,14.256525,6.994327,6.238111999999999,8.455329749999999,3.7061976417599474,7.818300750000001,4.020921709640839,Cd74
110,110,Npc2,1.3523489932885906,3.1518324607329844,1.3761467889908257,0.6763636363636364,0.9712230215827338,1.7560975609756098,16.666666666666668,0.5744680851063829,3.071428571428572,MSTRG.14757,chr6,108467410.0,108488777.0,155.686511,165.460266,197.46582,203.665634,194.73571199999998,188.883041,136.97201074999998,23.373076565953493,139.50223525,19.26482800563287,Npc2
111,111,Ftl1,5.9821029082774055,4.973821989528796,4.440366972477063,4.621818181818182,5.841726618705037,3.804878048780488,56.38888888888889,6.0212765957446805,6.428571428571429,MSTRG.905,chr1,101448145.0,101450034.0,2000.063969,1945.103904,2272.2238230000003,2274.775291,3023.702461,2886.5925260000004,1823.99756325,530.1928724221765,1776.61793025,477.73848805335064,Ftl1
112,112,Lgals3,0.006711409395973154,0.225130890052356,0.004587155963302753,1.2072727272727273,0.08633093525179858,0.024390243902439025,15.194444444444445,0.2765957446808511,0.2857142857142857,MSTRG.6248,chr15,24153289.0,24165537.0,382.66680199999996,299.318348,555.043108,618.3756310000001,455.40959499999997,446.630201,348.27987625,86.53702648420467,341.081045,159.684493400539,Lgals3
113,113,Fcer1g,0.029082774049217,0.010471204188481676,0.013761467889908258,0.014545454545454544,0.1079136690647482,0.0,7.972222222222222,0.0,0.0,MSTRG.5261,chr13,89601883.0,89624216.0,66.606612,69.449565,74.51357100000001,81.528548,82.62959599999999,90.531691,55.93744475,8.011719319144941,60.377451,10.578393473432952,Fcer1g
114,114,C1qa,0.13870246085011187,0.1518324607329843,0.3944954128440367,0.01090909090909091,0.0,0.2195121951219512,7.333333333333332,0.0,0.0,MSTRG.13926,chr5,155261254.0,155264101.0,48.371711999999995,45.430625,46.523038,48.953269,26.341537,18.366009,30.309071749999998,12.22046909016386,28.187475749999997,16.735605428177134,C1qa
115,115,Tyrobp,0.0011185682326621924,0.0,0.0,0.0,0.014388489208633094,0.0,4.833333333333333,0.02127659574468085,0.0,MSTRG.738,chr1,88875370.0,88879305.0,22.820635,24.501683,22.670008000000003,25.549819,11.136156,6.4988280000000005,14.156699750000001,6.702977944571527,14.1375825,10.709354441387537,Tyrobp
116,116,Ctsb,4.996644295302014,5.816753926701571,1.9678899082568808,2.352727272727273,3.5899280575539567,2.5609756097560976,40.66666666666666,4.404255319148937,2.9285714285714284,MSTRG.6443,chr15,46315138.0,46337613.0,782.6160239999999,808.89283,809.9133069999999,846.855896,812.280914,775.694274,601.2025612499999,16.48612002463813,607.86075,35.60738440800446,Ctsb
117,117,Psap,5.442953020134229,3.2146596858638743,3.8623853211009176,1.3963636363636365,2.1366906474820144,4.439024390243904,39.638888888888886,1.74468085106383,2.357142857142857,MSTRG.10444,chr20,29831291.0,29856876.0,593.834801,681.547614,650.051598,675.8515199999999,588.608572,569.108364,458.12374275,34.06583620612772,481.6268745,63.33657682079609,Psap
118,118,C1qb,0.0011185682326621924,0.0,0.0,0.0,0.007194244604316547,0.0,6.9444444444444455,0.0,0.0,MSTRG.13923,chr5,155246444.0,155251995.0,29.830047999999998,29.306406,35.263756,31.423171999999997,13.38694,10.273786999999999,19.620186,11.39075693729192,17.75084125,11.647730609981085,C1qb
119,119,H2-Aa,0.013422818791946308,0.010471204188481676,0.004587155963302753,0.0,0.5323741007194245,0.024390243902439025,46.361111111111114,0.0425531914893617,0.0,,,,,,,,,,,,,,,
120,120,Tmsb4x,0.9787472035794184,4.523560209424084,0.7018348623853211,9.305454545454543,9.942446043165466,2.5365853658536586,30.555555555555557,6.276595744680852,12.785714285714285,MSTRG.18130,chrX,28593405.0,28617267.0,262.139221,197.754211,289.042999,367.80368,351.786926,368.34173599999997,225.7422865,46.0023996798385,233.47490674999997,98.33379810376043,Tmsb4x
121,121,Lyz2,0.0,0.0,0.004587155963302753,0.0,0.007194244604316547,0.0,12.055555555555555,0.0,0.0,MSTRG.15464,chr7,60335968.0,60341264.0,25.292604,17.304848,28.493997999999998,29.682696999999997,11.680876,11.578207,16.3668695,8.927570909604546,14.641437999999999,9.25363100958917,Lyz2
122,122,Srgn,0.003355704697986577,0.005235602094240838,0.004587155963302753,0.003636363636363637,4.503597122302159,0.024390243902439025,9.194444444444443,0.06382978723404255,0.21428571428571427,Srgn,chr20,32120317.0,32158071.0,0.206414,0.132427,0.5090560000000001,0.6961549999999999,0.397973,0.4365,0.27836075000000005,0.15309390556888064,0.31627049999999995,0.28215550273386475,Srgn
123,123,Gm13889,0.050335570469798654,0.11518324607329845,0.004587155963302753,0.007272727272727274,0.7266187050359713,0.024390243902439025,0.0,15.27659574468085,0.9285714285714286,,,,,,,,,,,,,,,
124,124,Ednrb,0.003355704697986577,0.005235602094240838,0.009174311926605505,0.0,2.841726618705036,0.024390243902439025,0.027777777777777776,7.319148936170214,0.14285714285714285,MSTRG.6582,chr15,88004775.0,88036354.0,11.854536,13.131095,11.805911,14.987089000000001,22.41434,33.712097,11.51869675,6.110790875670705,15.45757025,11.384552997022647,Ednrb
125,125,Igfbp5,0.07158836689038031,0.0,0.0871559633027523,0.06181818181818183,2.079136690647482,0.024390243902439025,0.027777777777777776,41.255319148936174,0.21428571428571427,MSTRG.17606,chr9,80154230.0,80166813.0,8.681117,10.531539,7.128242,12.171041,40.083763,50.118922999999995,13.9732805,18.59481989223693,18.205375749999998,22.397509858082376,Igfbp5
126,126,Rgs5,0.0044742729306487695,0.026178010471204192,0.0,0.6981818181818182,0.4532374100719425,0.024390243902439025,0.0,7.404255319148937,1.5714285714285714,MSTRG.5237,chr13,87966820.0,88006308.0,15.754364999999998,18.988533,16.563631,19.894384,28.386913,33.62635,15.17622725,7.071376312083619,18.12731675,8.202165799194404,Rgs5
127,127,S1pr3,0.0,0.0,0.0,0.0,0.2014388489208633,0.0,0.0,4.319148936170213,0.21428571428571427,MSTRG.7306,chr17,13799383.0,13812877.0,2.247388,2.871451,3.030875,3.918214,5.411397,6.771895000000001,2.672415,1.6478111655432488,3.39039,2.018773201107792,S1pr3
128,128,Vim,0.011185682326621923,0.05759162303664921,0.10091743119266056,0.01818181818181818,2.971223021582734,0.024390243902439025,6.416666666666668,9.297872340425533,19.785714285714285,MSTRG.7688,chr17,80882715.0,80891200.0,191.756897,136.70945700000001,207.15007,290.719208,242.32377599999998,288.622955,160.30768575,25.92022575963605,179.012905,88.31865464924724,Vim
129,129,Ptp4a3,0.20134228187919465,0.4293193717277487,0.1972477064220184,0.054545454545454536,2.1294964028776984,0.36585365853658536,0.16666666666666666,11.574468085106385,0.0,MSTRG.15713,chr7,114969699.0,115002902.0,17.859234,22.280283999999998,25.695058999999997,29.300832,29.378982000000004,33.505081,18.233318750000002,5.883253579498026,21.27154925,5.670976864196532,Ptp4a3
130,130,Smtn,0.0145413870246085,0.0,0.004587155963302753,0.2109090909090909,0.9640287769784172,0.0,0.0,3.6170212765957452,0.9285714285714286,MSTRG.5938,chr14,83755141.0,83776871.0,3.199712,3.985581,4.718866,6.600792,7.363177,8.38457,3.82043875,2.1069191705213406,4.74273575,2.212551195261781,Smtn
131,131,Ndufa4l2,0.005592841163310961,0.005235602094240838,0.009174311926605505,0.01090909090909091,0.2589928057553957,0.0,0.0,2.851063829787234,1.8571428571428568,MSTRG.15531,chr7,70818651.0,70824085.0,3.926033,5.266872,7.469634,8.275981,5.801285,4.985153,4.299238,1.7728069314181774,4.6320015,1.824082029150827,Ndufa4l2
132,132,Ngf,0.005592841163310961,0.015706806282722512,0.01834862385321101,0.56,0.08633093525179858,0.04878048780487805,0.0,3.4680851063829787,0.8571428571428571,MSTRG.9662,chr2,204886158.0,204939523.0,2.11044,1.157285,2.912847,3.42805,2.7762,3.0274669999999997,1.9498717499999998,0.4292951148603953,1.9032004999999999,1.2120520573417353,Ngf
133,133,Mgp,0.07606263982102908,0.010471204188481676,0.01834862385321101,0.04727272727272727,10.06474820143885,0.024390243902439025,0.027777777777777776,105.74468085106385,22.214285714285715,MSTRG.12897,chr4,170856770.0,170860348.0,496.10297800000006,370.53755099999995,591.585628,730.571634,538.2563039999999,583.356924,406.48622750000004,47.850210975121364,421.11652725,181.01049568379003,Mgp
134,134,Sema6d,0.026845637583892617,0.08376963350785341,0.05045871559633028,0.003636363636363637,1.4676258992805755,0.04878048780487805,0.027777777777777776,3.127659574468085,0.21428571428571427,MSTRG.11362,chr3,116898997.0,116958059.0,4.0981689999999995,4.300681,3.0575609999999998,4.734978,5.843561000000001,6.832055,3.24982275,1.4077792347836369,3.9669285,1.3536493979864213,Sema6d
135,135,Serpinh1,0.07158836689038031,0.21465968586387435,0.2568807339449541,0.6181818181818182,3.3309352517985613,0.4146341463414634,0.0,4.531914893617022,14.214285714285715,MSTRG.1185,chr1,164301002.0,164310977.0,103.918468,95.477505,96.77253200000001,135.779649,87.04661499999999,103.37414899999999,71.93440375,8.468739442410097,83.65782575,21.35702939592128,Serpinh1
136,136,Ldha,0.4854586129753915,1.450261780104712,2.073394495412844,3.058181818181818,5.366906474820143,1.6097560975609757,5.916666666666668,8.361702127659575,7.857142857142858,MSTRG.944,chr1,102900288.0,102909713.0,42.297497,28.996395999999997,40.184083,59.594848999999996,77.104401,76.50210999999999,39.89649525,20.732812021936528,41.27333874999999,24.079429890694133,Ldha
137,137,Epas1,0.006711409395973154,0.06282722513089005,0.22935779816513766,0.18181818181818185,2.964028776978417,0.4634146341463415,0.0,3.8297872340425534,0.07142857142857142,MSTRG.14225,chr6,10305977.0,10387266.0,19.028785,28.431094,27.691698000000002,32.313144,40.713523,43.314675,21.858501500000003,10.915141242824408,26.01472825,7.720373263105245,Epas1
138,138,Stc1,0.04138702460850112,0.04712041884816754,0.22477064220183487,0.04,1.8489208633093528,0.024390243902439025,0.0,8.212765957446809,1.2142857142857142,MSTRG.6475,chr15,50891137.0,50901791.0,2.1057919999999997,1.95639,3.571272,5.149311,14.730248000000001,13.85227,5.101828,6.904675545055347,5.23949275,6.156950013904639,Stc1
139,139,Cald1,0.050335570469798654,0.25654450261780104,0.05045871559633028,1.7418181818181817,0.6906474820143885,0.17073170731707318,0.0,4.0,6.142857142857142,MSTRG.12217,chr4,62103948.0,62291375.0,26.177031000000003,23.058188,26.653615,38.800988000000004,37.007712999999995,46.128812999999994,22.45958975,6.120159996380592,26.99699725,11.788317019838255,Cald1
140,140,Col1a1,0.0,0.0,0.009174311926605505,0.007272727272727274,0.0,0.0,0.0,0.0,15.0,MSTRG.3283,chr10,82745801.0,82762790.0,118.762772,129.807144,135.238876,220.290192,197.220062,262.755615,112.80542750000001,41.36962608631586,153.21323775,67.90408685194271,Col1a1
141,141,Il11,0.008948545861297539,0.010471204188481676,0.0,0.04,0.05035971223021583,0.04878048780487805,0.0,3.5106382978723403,30.07142857142857,Il11,chr1,72636959.0,72643255.0,1.9036970000000002,1.217432,1.349265,1.7671990000000002,1.029383,1.143355,1.07058625,0.4423694359439104,1.0319965,0.3408109183877967,Il11
142,142,Ifitm3,0.010067114093959731,0.06282722513089005,0.013761467889908258,0.4727272727272727,4.820143884892087,0.024390243902439025,3.138888888888889,3.723404255319149,10.0,MSTRG.1623,chr1,213810712.0,213811821.0,48.621853,40.993858,50.814968,69.826675,52.614109,58.19100600000001,38.0127325,1.9993653039002972,42.25288475,14.50552784611757,Ifitm3
143,143,Fstl1,0.0044742729306487695,0.0,0.0,0.14181818181818182,1.0359712230215827,0.0,0.0,2.7021276595744683,4.0,MSTRG.4037,chr11,65791196.0,65845721.0,26.811885,21.054237999999998,26.959186,39.812879,36.501937999999996,42.699823,22.56825225,5.552521055954581,25.891735,11.752676346391931,Fstl1
144,144,Il6,0.0011185682326621924,0.0,0.0,0.007272727272727274,0.02877697841726619,0.0,0.027777777777777776,1.5106382978723405,8.857142857142858,MSTRG.11947,chr4,3043231.0,3047807.0,3.4804739999999996,1.1786379999999999,1.9245,2.010813,1.006979,0.835566,1.60298825,1.2504050936357916,1.00625425,0.6043480149188326,Il6
145,145,Col5a2,0.0,0.0,0.0,0.0,0.04316546762589928,0.0,0.0,0.2553191489361702,3.0,MSTRG.17467,chr9,52091088.0,52238735.0,28.111735,25.101104000000003,25.086185,38.331154,36.328224,46.045604,22.381535999999997,5.817331650151725,27.3694655,10.592599948824333,Col5a2
146,146,Igfbp7,0.28635346756152125,0.9476439790575916,1.8623853211009171,3.7090909090909085,9.597122302158274,0.3902439024390244,0.0,9.617021276595743,7.357142857142858,MSTRG.5673,chr14,33010253.0,33070193.0,529.1488339999999,545.2993610000001,610.909097,603.255358,1970.708516,2124.4521580000005,777.69161175,809.7153324148873,818.2517192500002,895.4628373259858,Igfbp7
147,147,Sdc1,0.0022371364653243847,0.010471204188481676,0.027522935779816515,0.4654545454545455,0.04316546762589928,0.0,0.4444444444444444,0.06382978723404255,2.071428571428572,MSTRG.14385,chr6,33885576.0,33908038.0,10.167964,8.331819,12.802502,19.386915,13.469902,15.899516,9.110092,1.7459003307409429,10.904562499999999,5.651653699555939,Sdc1
148,148,Lgals1,0.003355704697986577,0.010471204188481676,0.004587155963302753,0.20727272727272728,0.05035971223021583,0.0,0.75,1.0212765957446808,2.571428571428572,MSTRG.15813,chr7,120153184.0,120156290.0,50.599540999999995,37.225636,49.934715000000004,77.39817,72.698326,77.003372,43.308145499999995,12.95492363187205,47.906794500000004,23.08049910901573,Lgals1
149,149,Tpm4,0.8769574944071589,0.9109947643979056,0.5091743119266054,3.7381818181818174,4.431654676258993,0.4878048780487805,2.3888888888888893,2.936170212765957,7.5,MSTRG.6766,chr16,19384589.0,19400237.0,118.694415,113.393532,107.129031,129.932048,127.238183,140.659844,88.26540725,10.092340931488463,95.99635599999999,13.73596185554071,Tpm4
150,150,Dcn,0.0011185682326621924,0.0,0.0,0.0,0.0,0.0,0.0,0.0425531914893617,7.571428571428571,MSTRG.15409,chr7,38742250.0,38782282.0,61.826182,41.687157,46.856117,59.658663,69.48001799999999,82.335266,44.54057924999999,11.507424763146917,45.9202715,20.369389275755285,Dcn
151,151,Col3a1,0.0,0.0,0.0,0.0,0.02158273381294964,0.0,0.0,0.2765957446808511,7.7142857142857135,MSTRG.17466,chr9,52023295.0,52059221.0,326.732086,333.18869,274.011505,422.135529,316.229462,427.54305999999997,229.24326324999998,27.90495972975887,295.71681975,52.98353313012257,Col3a1
152,152,Col5a1,0.0,0.0,0.0,0.0,0.02158273381294964,0.0,0.0,0.10638297872340426,2.357142857142857,MSTRG.10715,chr3,6430180.0,6581010.0,15.317607,20.298629,15.875027000000001,24.613872999999998,19.882504,25.563942,12.7687845,2.490276878265347,17.619111,2.8061682912311237,Col5a1
153,153,Tnc,0.0011185682326621924,0.0,0.0,0.01090909090909091,0.02877697841726619,0.0,0.0,0.40425531914893614,18.357142857142858,MSTRG.13397,chr5,79789686.0,79874555.0,6.048532,2.395516,2.909031,6.594082,2.676684,3.550385,2.90856175,1.8832512043676841,3.1349957500000003,2.168938691746342,Tnc
